report_id,filed_date,title,status,reported_against_ref,reported_against_kind,source_channel,canonical_bug_id,report_path,last_reviewed,notes
"BUGREP-FUNC-001","2026-04-07","OxFml handoff: operator value surface and array-lift expansion","triaged","9e9c573a46d97e248a0373938fb53dcac916fac2","commit","downstream handoff","BUG-FUNC-001","docs/bugs/reports/BUGREP-FUNC-001_operator_value_surface_and_array_lift_handoff.md","2026-04-07","Inbound OxFml handoff HANDOFF-OXFUNC-001 processed into canonical bug stream BUG-FUNC-001 and bounded owner workset W073."
"BUGREP-FUNC-002","2026-04-07","Local Excel probe: ordinary operators broadcast arrays and pad missing coordinates with #N/A","triaged","9e9c573a46d97e248a0373938fb53dcac916fac2","commit","local empirical probe","BUG-FUNC-002","docs/bugs/reports/BUGREP-FUNC-002_local_excel_probe_operator_broadcast_semantics.md","2026-04-07","Opened during W073 follow-up after local Excel comparison showed broader ordinary-operator broadcast semantics than the current OxFunc contracts and runtime admitted."
"BUGREP-FUNC-003","2026-04-07","OxFml upstream note: first-class same-sheet multi-area reference seam","triaged","9e9c573a46d97e248a0373938fb53dcac916fac2","commit","upstream note","BUG-FUNC-003","docs/bugs/reports/BUGREP-FUNC-003_upstream_note_first_class_multi_area_reference_seam.md","2026-04-07","Processed the current OxFml upstream note into canonical bug stream BUG-FUNC-003 and bounded owner workset W075."
"BUGREP-FUNC-004","2026-04-08","OxFml handoff claim on IF empty-text condition","closed_no_action","7989fafaef703f15f2bfbdded323c03345da1072","commit","downstream handoff","unassigned","docs/bugs/reports/BUGREP-FUNC-004_handoff_if_empty_text_condition_claim.md","2026-04-08","Live Excel replay on 2026-04-08 showed IF/IFS empty-text conditions return #VALUE!, and current OxFunc already matches that lane. The report is preserved for intake history but does not open a canonical OxFunc bug stream."
"BUGREP-FUNC-005","2026-04-08","OxFml handoff on numeric comparison tolerance","triaged","7989fafaef703f15f2bfbdded323c03345da1072","commit","downstream handoff","BUG-FUNC-004","docs/bugs/reports/BUGREP-FUNC-005_handoff_numeric_comparison_tolerance.md","2026-04-08","Processed into W077 and canonical bug BUG-FUNC-004 after local Excel replay confirmed the operator near-equality lane and widened the affected families."
"BUGREP-FUNC-006","2026-04-08","Local Excel probe on numeric comparison family split","triaged","7989fafaef703f15f2bfbdded323c03345da1072","commit","local empirical probe","BUG-FUNC-004","docs/bugs/reports/BUGREP-FUNC-006_local_excel_numeric_comparison_family_split.md","2026-04-08","Local Excel replay widened the bug from ordinary operators alone to criteria/database numeric criteria and SWITCH, while also pinning MATCH/XMATCH/DELTA as exact-match contrast lanes."
"BUGREP-FUNC-007","2026-04-08","Local Excel probe on POWER zero-to-zero domain error","triaged","7989fafaef703f15f2bfbdded323c03345da1072","commit","local empirical probe","BUG-FUNC-005","docs/bugs/reports/BUGREP-FUNC-007_local_excel_probe_power_zero_to_zero_num_error.md","2026-04-08","Live Excel replay on 2026-04-08 pinned both 0^0 and POWER(0,0) as #NUM!, opening canonical bug BUG-FUNC-005 and bounded owner workset W078 for the shared power-kernel correction."
"BUGREP-FUNC-008","2026-04-08","XMATCH array-valued lookup_value lift missing","triaged","7989fafaef703f15f2bfbdded323c03345da1072","commit","user","BUG-FUNC-006","docs/bugs/reports/BUGREP-FUNC-008_xmatch_array_lookup_value_lift_missing.md","2026-04-08","Inbound downstream corpus issue relayed by the user. The initial XMATCH report opens canonical lookup-selection family bug BUG-FUNC-006 and bounded owner workset W079."
"BUGREP-FUNC-009","2026-04-08","Local Excel probe on lookup-selection array-valued lookup_value family","triaged","7989fafaef703f15f2bfbdded323c03345da1072","commit","local test","BUG-FUNC-006","docs/bugs/reports/BUGREP-FUNC-009_local_excel_probe_lookup_selection_array_lookup_value_family.md","2026-04-29","Live Excel replay widened the original XMATCH report into a lookup-selection family stream spanning XMATCH, MATCH, and adjacent XLOOKUP; BUG-FUNC-006 is now closed after the XLOOKUP follow-on landed on b1faa5e8f08cd534601dc57bf79a9fed3ff26972."
"BUGREP-FUNC-010","2026-04-08","User follow-on: VLOOKUP and HLOOKUP array-valued lookup_value lifting","triaged","7989fafaef703f15f2bfbdded323c03345da1072","commit","user","BUG-FUNC-006","docs/bugs/reports/BUGREP-FUNC-010_vhlookup_array_lookup_value_lifting.md","2026-04-29","Follow-on user direction to check related lookup formulas. Live Excel replay widened BUG-FUNC-006 to include VLOOKUP and HLOOKUP as the same local array-valued lookup_value family; the adjacent XLOOKUP follow-on is now landed on b1faa5e8f08cd534601dc57bf79a9fed3ff26972."
"BUGREP-FUNC-011","2026-04-08","User follow-on: MID, LEFT, and RIGHT array-valued position/count spill","triaged","7989fafaef703f15f2bfbdded323c03345da1072","commit","user","BUG-FUNC-007","docs/bugs/reports/BUGREP-FUNC-011_text_slice_array_position_and_count_spill.md","2026-04-08","Follow-on user direction to check MID/LEFT/RIGHT against live Excel. Replay confirmed dynamic-array spill over array-valued start/count inputs and opened BUG-FUNC-007 plus review owner W080."
"BUGREP-FUNC-012","2026-04-09","Local Excel probe on text scalar and delimiter array-support batch A","triaged","5d54d7f4ab2cdde6458272292d15ae1b317a0fef","commit","local empirical probe","BUG-FUNC-008","docs/bugs/reports/BUGREP-FUNC-012_local_excel_probe_text_scalar_and_delim_array_support_batch_a.md","2026-04-09","First bounded W080 batch widened the review beyond text-slice only, pinning spill lanes for CHAR, CODE, LOWER, UPPER, TRIM, REPT, TEXTAFTER, and TEXTBEFORE while leaving broader text-family review explicit."
"BUGREP-FUNC-013","2026-04-10","User observation: RATE(360,-1073.64,200000) returns #NUM! locally","triaged","5d54d7f4ab2cdde6458272292d15ae1b317a0fef","commit","user","BUG-FUNC-009","docs/bugs/reports/BUGREP-FUNC-013_rate_default_guess_no_convergence_on_mortgage_lane.md","2026-04-10","Live Excel replay on 2026-04-10 showed the underlying value 0.004166644536345589 while the local OxFunc RATE kernel returned NoConvergence/#NUM! on the omitted-guess lane. The bug is processed into W081 for solver/default-guess investigation."
"BUGREP-FUNC-014","2026-04-10","SORT omitted middle argument defaults to #VALUE! locally","triaged","2e818f03a71ba393690275a7fb437ddd9a6bf760","commit","user","BUG-FUNC-010","docs/bugs/reports/BUGREP-FUNC-014_sort_omitted_middle_argument_defaults_to_value_error.md","2026-04-10","Direct local OxFunc replay on 2026-04-10 showed SORT({2;3;7;5},,-1) fails with Preparation(MissingArg)/#VALUE! while the explicit defaulted equivalent SORT({2;3;7;5},1,-1) succeeds. The intake opens BUG-FUNC-010 and bounded owner W083 for sort-family omitted-default repair."
"BUGREP-FUNC-015","2026-04-10","COUNTBLANK rejects array-valued substitutes in Excel","triaged","2e818f03a71ba393690275a7fb437ddd9a6bf760","commit","user","BUG-FUNC-011","docs/bugs/reports/BUGREP-FUNC-015_countblank_rejects_array_valued_substitutes_in_excel.md","2026-04-10","Live Excel replay on 2026-04-10 pinned LET(d,{\"\";1},COUNTBLANK(d)) as #VALUE! while COUNTBLANK(A1:A3) still counts both empty cells and empty-string formulas. The intake opens BUG-FUNC-011 and bounded owner W084 for the local range-only parity repair."
"BUGREP-FUNC-016","2026-04-10","TAKE and DROP omitted leading row count fail locally","triaged","2e818f03a71ba393690275a7fb437ddd9a6bf760","commit","OxFml handoff","BUG-FUNC-012","docs/bugs/reports/BUGREP-FUNC-016_take_and_drop_omitted_row_count_fail_locally.md","2026-04-10","HANDOFF-OXFUNC-004 correctly narrowed the remaining complex helper-lambda failure to TAKE/DROP omitted-leading-count semantics. Live Excel replay on 2026-04-10 pinned TAKE/DROP(array,,n) as keeping all rows while slicing columns, while direct local OxFunc replay still returns Preparation(MissingArg)."
"BUGREP-FUNC-017","2026-04-10","Normal distribution functions show exact-value drift versus Excel","triaged","2e818f03a71ba393690275a7fb437ddd9a6bf760","commit","user","BUG-FUNC-013","docs/bugs/reports/BUGREP-FUNC-017_normal_distribution_exact_value_drift.md","2026-04-10","Direct local replay on 2026-04-10 confirmed NORM.DIST(0,0,1,TRUE)=0.49999998499999976 and NORM.INV(0.975,0,1)=1.9599639471668913 on the current OxFunc ref, while live Excel Value2 returned 0.5 and 1.9599639845400536. The intake opens BUG-FUNC-013 and bounded owner W086 for normal-distribution accuracy reconciliation."
"BUGREP-FUNC-018","2026-04-10","XIRR shows bounded solver-precision drift versus Excel","triaged","2e818f03a71ba393690275a7fb437ddd9a6bf760","commit","user","BUG-FUNC-014","docs/bugs/reports/BUGREP-FUNC-018_xirr_solver_precision_drift.md","2026-04-10","Direct local replay on 2026-04-10 confirmed XIRR({-10000,2750,4250,3250,2750},{44927,45108,45292,45473,45658})=0.24449183218286558 on the current OxFunc ref, while live Excel Value2 returned 0.24449183344840997. The intake opens BUG-FUNC-014 and bounded owner W087 for XIRR solver-precision reconciliation."
"BUGREP-FUNC-019","2026-04-28","Smart-fuzzer PMT/PPMT exactness drift versus Excel","triaged","d864c1bf0c1ba29e20f8858f0b5851f94352d88f","commit","local smart-fuzzer pilot","BUG-FUNC-015","docs/bugs/reports/BUGREP-FUNC-019_smart_fuzzer_pmt_ppmt_exactness_drift.md","2026-04-28","W088 PMT/PPMT pilot compared 28 local OxFunc value-surface outcomes with live Excel COM Value2 outcomes and found 21 numeric bit-level mismatches plus 7 exact matches. The intake opens BUG-FUNC-015 and a follow-up bead for exactness repair/review."
"BUGREP-FUNC-020","2026-06-15","Review finding on IPMT/PPMT type=1 interest","triaged","w100-w102-cleanup-pass working tree","unknown","local review follow-up","BUG-FUNC-034","docs/bugs/reports/BUGREP-FUNC-020_review_ipmt_ppmt_type_one_interest.md","2026-06-15","June 2026 cleanup review finding registered into W102A; live Excel bit pinning remains open."
"BUGREP-FUNC-021","2026-06-15","Review finding on ReferenceSystemProvider &T capabilities","triaged","w100-w102-cleanup-pass working tree","unknown","local review follow-up","BUG-FUNC-036","docs/bugs/reports/BUGREP-FUNC-021_review_reference_provider_ref_capabilities.md","2026-06-15","Static resolver forwarding finding registered into W102A."
"BUGREP-FUNC-022","2026-06-15","Review finding on XNPV sign-change validation","triaged","caffd0f","commit","local review follow-up","BUG-FUNC-037","docs/bugs/reports/BUGREP-FUNC-022_review_xnpv_sign_change_gate.md","2026-06-15","XNPV validation split registered into W102A; working-tree tests preserve XIRR sign-change requirements."
"BUGREP-FUNC-023","2026-06-15","Review finding on NPV/FV/PV negative-base rates","triaged","w100-w102-cleanup-pass working tree","unknown","local review follow-up","BUG-FUNC-038","docs/bugs/reports/BUGREP-FUNC-023_review_npv_fv_pv_negative_base_rate.md","2026-06-15","Negative-base financial-time-value lanes registered into W102A; live probe artifact still needs linking or refresh."
"BUGREP-FUNC-024","2026-06-15","Review finding on statistical and boundary edge batch","triaged","w100-w102-cleanup-pass working tree","unknown","local review follow-up","BUG-FUNC-039","docs/bugs/reports/BUGREP-FUNC-024_review_statistical_boundary_edge_batch.md","2026-06-15","W102A statistical/boundary edge batch registered; broader statistical exactness drift and GAMMA.INV tail/cap behavior remain split from W102A."
"BUGREP-FUNC-025","2026-06-15","Review finding on approximate lookup blank skipping","triaged","w100-w102-cleanup-pass working tree","unknown","local review follow-up","BUG-FUNC-040","docs/bugs/reports/BUGREP-FUNC-025_review_approximate_lookup_blank_skip.md","2026-06-15","Approximate/binary lookup blank-skip finding registered; error-cell and cross-type lanes remain probe-first."
"BUGREP-FUNC-026","2026-06-15","Review finding on regex escapes and translate cleanup","triaged","w100-w102-cleanup-pass working tree","unknown","local review follow-up","BUG-FUNC-041","docs/bugs/reports/BUGREP-FUNC-026_review_regex_escape_and_translate_cleanup.md","2026-07-10","Canonical BUG-FUNC-041 repair landed in fd5633a and is closed after 40/40 live-Excel sign-off plus 24/24 focused test replay."
"BUGREP-FUNC-027","2026-09-14","Referenced blank cell publishes #VALUE! in scalar numeric contexts","triaged","5166ffd","commit","program investigation survey + bead oxf-xvt5.1","BUG-FUNC-049","docs/bugs/reports/BUGREP-FUNC-027_blank_cell_scalar_numeric_coercion_value_error.md","2026-09-14","Survey claim (code reading) reproduced by execution for the first time: 12 of 32 truth-table rows red at 5166ffd. Linked to BUG-FUNC-049 on filing."
BUGREP-FUNC-028,2026-09-29,FACT negative fractions admitted before truncation,triaged,11b23504fe8180d08397be5435bd215e1bbb9722,commit,fresh live Excel black-box campaign,BUG-FUNC-050,docs/bugs/reports/BUGREP-FUNC-028_fact_negative_fraction.md,2026-09-29,Linked to BUG-FUNC-050; exact evidence retained; no partial-function promotion.
BUGREP-FUNC-029,2026-09-29,"Bitwise integer admission, shift graph and omitted arguments",triaged,11b23504fe8180d08397be5435bd215e1bbb9722,commit,fresh live Excel black-box campaign,BUG-FUNC-051,docs/bugs/reports/BUGREP-FUNC-029_bitwise_admission_shift.md,2026-09-29,Linked to BUG-FUNC-051; exact evidence retained; no partial-function promotion.
BUGREP-FUNC-030,2026-09-29,"ADDRESS coordinate conversion, selector and sheet text rules",triaged,11b23504fe8180d08397be5435bd215e1bbb9722,commit,fresh live Excel black-box campaign,BUG-FUNC-052,docs/bugs/reports/BUGREP-FUNC-030_address_coordinate_text.md,2026-09-29,Linked to BUG-FUNC-052; exact evidence retained; no partial-function promotion.
BUGREP-FUNC-031,2026-09-29,COMPLEX and shared imaginary-family decimal presentation,triaged,11b23504fe8180d08397be5435bd215e1bbb9722,commit,fresh live Excel black-box campaign,BUG-FUNC-053,docs/bugs/reports/BUGREP-FUNC-031_complex_decimal_presentation.md,2026-09-29,Linked to BUG-FUNC-053; exact evidence retained; no partial-function promotion.
BUGREP-FUNC-032,2026-09-29,"BASE and engineering radix bounds, widths and typed arguments",triaged,11b23504fe8180d08397be5435bd215e1bbb9722,commit,fresh live Excel black-box campaign,BUG-FUNC-054,docs/bugs/reports/BUGREP-FUNC-032_radix_bounds_and_types.md,2026-09-29,Linked to BUG-FUNC-054; exact evidence retained; no partial-function promotion.
BUGREP-FUNC-033,2026-09-29,SLN sign admission and stored arithmetic publication,triaged,11b23504fe8180d08397be5435bd215e1bbb9722,commit,fresh live Excel black-box campaign,BUG-FUNC-055,docs/bugs/reports/BUGREP-FUNC-033_sln_arithmetic_admission.md,2026-09-29,Linked to BUG-FUNC-055; exact evidence retained; no partial-function promotion.
BUGREP-FUNC-034,2026-09-29,"Date serial bounds, conversion and rollover",triaged,11b23504fe8180d08397be5435bd215e1bbb9722,commit,fresh live Excel black-box campaign,BUG-FUNC-056,docs/bugs/reports/BUGREP-FUNC-034_date_bounds_rollover.md,2026-09-29,Exact observations retained; no partial-function promotion.
BUGREP-FUNC-035,2026-09-29,Implicit numeric text grammar and locale/date context,triaged,11b23504fe8180d08397be5435bd215e1bbb9722,commit,fresh live Excel black-box campaign,BUG-FUNC-057,docs/bugs/reports/BUGREP-FUNC-035_implicit_numeric_text.md,2026-09-29,Exact observations retained; no partial-function promotion.
BUGREP-FUNC-036,2026-09-29,DB DDB VDB period admission and arithmetic,triaged,11b23504fe8180d08397be5435bd215e1bbb9722,commit,fresh live Excel black-box campaign,BUG-FUNC-058,docs/bugs/reports/BUGREP-FUNC-036_depreciation_period_arithmetic.md,2026-09-29,Exact observations retained; no partial-function promotion.
BUGREP-FUNC-037,2026-09-29,COUNT and COUNTA error and omitted-slot behavior,triaged,11b23504fe8180d08397be5435bd215e1bbb9722,commit,fresh live Excel black-box campaign,BUG-FUNC-059,docs/bugs/reports/BUGREP-FUNC-037_count_error_and_omission.md,2026-09-29,No whole-function completion claim; source-kind admission remains explicit.
BUGREP-FUNC-038,2026-09-29,COUNTBLANK referenced errors and computed-array error publication,triaged,11b23504fe8180d08397be5435bd215e1bbb9722,commit,fresh live Excel black-box campaign,BUG-FUNC-011,docs/bugs/reports/BUGREP-FUNC-038_countblank_origin_reopening.md,2026-09-29,No whole-function completion claim; source-kind admission remains explicit.
BUGREP-FUNC-039,2026-09-29,IF IFERROR IFNA prepared-value coercion shape and missing arguments,triaged,11b23504fe8180d08397be5435bd215e1bbb9722,commit,fresh live Excel black-box campaign,BUG-FUNC-060,docs/bugs/reports/BUGREP-FUNC-039_conditional_prepared_values.md,2026-09-29,Whole-function and evaluator parity remain partial.
BUGREP-FUNC-040,2026-09-29,ATAN last-bit arithmetic graph,triaged,11b23504fe8180d08397be5435bd215e1bbb9722,commit,fresh live Excel black-box campaign,BUG-FUNC-061,docs/bugs/reports/BUGREP-FUNC-040_atan_last_bit_graph.md,2026-09-29,Frozen candidates and independent failures remain separate.
BUGREP-FUNC-041,2026-09-29,Text slice defaults Unicode positions and arrays,triaged,11b23504fe8180d08397be5435bd215e1bbb9722,commit,fresh live Excel black-box campaign,BUG-FUNC-062,docs/bugs/reports/BUGREP-FUNC-041_text_slice_defaults_unicode_arrays.md,2026-09-29,Frozen candidates and independent failures remain separate.
BUGREP-FUNC-042,2026-09-29,SQRT staged rounding and numerical publication boundaries,triaged,11b23504fe8180d08397be5435bd215e1bbb9722,commit,fresh black-box Excel campaign,BUG-FUNC-063,docs/bugs/reports/BUGREP-FUNC-042_numeric_publication_boundaries.md,2026-09-29,Exact comparison; no completion promotion.
BUGREP-FUNC-043,2026-09-29,INT parity TRUNC GCD LCM and PERMUTATIONA conversion gaps,triaged,11b23504fe8180d08397be5435bd215e1bbb9722,commit,fresh black-box Excel campaign,BUG-FUNC-064,docs/bugs/reports/BUGREP-FUNC-043_integer_conversion_and_combinatorics.md,2026-09-29,Exact comparison; no completion promotion.
BUGREP-FUNC-044,2026-09-29,Generic numeric text rendering and exceptional decimal midpoints,triaged,11b23504fe8180d08397be5435bd215e1bbb9722,commit,fresh black-box Excel campaign,BUG-FUNC-065,docs/bugs/reports/BUGREP-FUNC-044_generic_numeric_text_rendering.md,2026-09-29,Exact comparison; no completion promotion.
BUGREP-FUNC-045,2026-09-29,ASIN reused-factor sign asymmetry and ACOS staged subtraction,triaged,11b23504fe8180d08397be5435bd215e1bbb9722,commit,fresh black-box Excel campaign,BUG-FUNC-066,docs/bugs/reports/BUGREP-FUNC-045_asin_acos_staged_arithmetic.md,2026-09-29,Exact comparison; no completion promotion.
BUGREP-FUNC-046,2026-09-29,"SYD domain, publication and arithmetic staging",triaged,11b23504fe8180d08397be5435bd215e1bbb9722,commit,fresh black-box Excel campaign,BUG-FUNC-067,docs/bugs/reports/BUGREP-FUNC-046_syd_domain_and_staging.md,2026-09-29,Exact comparison; no completion promotion.
BUGREP-FUNC-047,2026-09-29,Hyperbolic publication and staged arithmetic,triaged,11b23504fe8180d08397be5435bd215e1bbb9722,commit,fresh black-box Excel campaign,BUG-FUNC-068,docs/bugs/reports/BUGREP-FUNC-047_hyperbolic_publication_and_staging.md,2026-09-29,Exact comparison; no completion promotion.
BUGREP-FUNC-048,2026-09-29,LOG POWER FISHER and MEDIAN arithmetic and publication,triaged,11b23504fe8180d08397be5435bd215e1bbb9722,commit,fresh black-box Excel campaign,BUG-FUNC-069,docs/bugs/reports/BUGREP-FUNC-048_log_power_fisher_median_arithmetic.md,2026-09-29,Exact comparison; no completion promotion.
BUGREP-FUNC-049,2026-09-29,HARMEAN DEVSQ and MROUND arithmetic and publication,triaged,11b23504fe8180d08397be5435bd215e1bbb9722,commit,fresh black-box Excel campaign,BUG-FUNC-070,docs/bugs/reports/BUGREP-FUNC-049_aggregate_and_mround_publication.md,2026-09-29,Exact comparison; no completion promotion.
BUGREP-FUNC-050,2026-09-29,MOD remainder endpoint and tiny-result publication,triaged,11b23504fe8180d08397be5435bd215e1bbb9722,commit,fresh black-box Excel campaign,BUG-FUNC-071,docs/bugs/reports/BUGREP-FUNC-050_mod_remainder_publication.md,2026-09-29,Exact comparison; no completion promotion.
