"group","formula","text","value2","excel_version","excel_build","probed_utc"
"later-argument-error","=OR(TRUE,1/0)","#DIV/0!","-2146826281","16.0","20430","2026-09-29T12:11:29Z"
"later-argument-error","=OR(1/0,TRUE)","#DIV/0!","-2146826281","16.0","20430","2026-09-29T12:11:29Z"
"later-argument-error","=OR(TRUE,NA())","#N/A","-2146826246","16.0","20430","2026-09-29T12:11:29Z"
"later-argument-error","=AND(FALSE,1/0)","#DIV/0!","-2146826281","16.0","20430","2026-09-29T12:11:29Z"
"later-argument-error","=AND(1/0,FALSE)","#DIV/0!","-2146826281","16.0","20430","2026-09-29T12:11:29Z"
"later-argument-error","=XOR(TRUE,1/0)","#DIV/0!","-2146826281","16.0","20430","2026-09-29T12:11:29Z"
"later-argument-error","=XOR(1/0,TRUE)","#DIV/0!","-2146826281","16.0","20430","2026-09-29T12:11:29Z"
"two-errors-no-deciding-value","=OR(1/0,NA())","#DIV/0!","-2146826281","16.0","20430","2026-09-29T12:11:29Z"
"two-errors-no-deciding-value","=OR(NA(),1/0)","#N/A","-2146826246","16.0","20430","2026-09-29T12:11:29Z"
"two-errors-no-deciding-value","=AND(1/0,NA())","#DIV/0!","-2146826281","16.0","20430","2026-09-29T12:11:29Z"
"two-errors-no-deciding-value","=AND(NA(),1/0)","#N/A","-2146826246","16.0","20430","2026-09-29T12:11:29Z"
"two-errors-no-deciding-value","=XOR(1/0,NA())","#DIV/0!","-2146826281","16.0","20430","2026-09-29T12:11:29Z"
"two-errors-no-deciding-value","=XOR(NA(),1/0)","#N/A","-2146826246","16.0","20430","2026-09-29T12:11:29Z"
"two-errors-after-deciding-value","=OR(TRUE,1/0,NA())","#DIV/0!","-2146826281","16.0","20430","2026-09-29T12:11:29Z"
"two-errors-after-deciding-value","=OR(TRUE,NA(),1/0)","#N/A","-2146826246","16.0","20430","2026-09-29T12:11:29Z"
"two-errors-after-deciding-value","=AND(FALSE,1/0,NA())","#DIV/0!","-2146826281","16.0","20430","2026-09-29T12:11:29Z"
"two-errors-after-deciding-value","=AND(FALSE,NA(),1/0)","#N/A","-2146826246","16.0","20430","2026-09-29T12:11:29Z"
"two-errors-after-deciding-value","=XOR(TRUE,1/0,NA())","#DIV/0!","-2146826281","16.0","20430","2026-09-29T12:11:29Z"
"two-errors-after-deciding-value","=XOR(TRUE,NA(),1/0)","#N/A","-2146826246","16.0","20430","2026-09-29T12:11:29Z"
"other-error-code-pairs-both-orders","=OR(SQRT(-1),1/0)","#NUM!","-2146826252","16.0","20430","2026-09-29T12:11:29Z"
"other-error-code-pairs-both-orders","=OR(1/0,SQRT(-1))","#DIV/0!","-2146826281","16.0","20430","2026-09-29T12:11:29Z"
"other-error-code-pairs-both-orders","=OR(""x""+1,1/0)","#VALUE!","-2146826273","16.0","20430","2026-09-29T12:11:29Z"
"other-error-code-pairs-both-orders","=OR(1/0,""x""+1)","#DIV/0!","-2146826281","16.0","20430","2026-09-29T12:11:29Z"
"other-error-code-pairs-both-orders","=OR(NA(),SQRT(-1))","#N/A","-2146826246","16.0","20430","2026-09-29T12:11:29Z"
"other-error-code-pairs-both-orders","=OR(SQRT(-1),NA())","#NUM!","-2146826252","16.0","20430","2026-09-29T12:11:29Z"
"other-error-code-pairs-both-orders","=OR(OFFSET(A1,-1,0),1/0)","#REF!","-2146826265","16.0","20430","2026-09-29T12:11:29Z"
"other-error-code-pairs-both-orders","=OR(1/0,OFFSET(A1,-1,0))","#DIV/0!","-2146826281","16.0","20430","2026-09-29T12:11:29Z"
"other-error-code-pairs-both-orders","=OR(NA(),""x""+1)","#N/A","-2146826246","16.0","20430","2026-09-29T12:11:29Z"
"other-error-code-pairs-both-orders","=OR(""x""+1,NA())","#VALUE!","-2146826273","16.0","20430","2026-09-29T12:11:29Z"
"other-error-code-pairs-both-orders","=AND(SQRT(-1),1/0)","#NUM!","-2146826252","16.0","20430","2026-09-29T12:11:29Z"
"other-error-code-pairs-both-orders","=AND(1/0,SQRT(-1))","#DIV/0!","-2146826281","16.0","20430","2026-09-29T12:11:29Z"
"other-error-code-pairs-both-orders","=AND(""x""+1,NA())","#VALUE!","-2146826273","16.0","20430","2026-09-29T12:11:29Z"
"other-error-code-pairs-both-orders","=AND(NA(),""x""+1)","#N/A","-2146826246","16.0","20430","2026-09-29T12:11:29Z"
"other-error-code-pairs-both-orders","=AND(OFFSET(A1,-1,0),NA())","#REF!","-2146826265","16.0","20430","2026-09-29T12:11:29Z"
"other-error-code-pairs-both-orders","=AND(NA(),OFFSET(A1,-1,0))","#N/A","-2146826246","16.0","20430","2026-09-29T12:11:29Z"
"three-errors","=OR(SQRT(-1),NA(),1/0)","#NUM!","-2146826252","16.0","20430","2026-09-29T12:11:29Z"
"three-errors","=OR(NA(),1/0,SQRT(-1))","#N/A","-2146826246","16.0","20430","2026-09-29T12:11:29Z"
"three-errors","=AND(1/0,SQRT(-1),NA())","#DIV/0!","-2146826281","16.0","20430","2026-09-29T12:11:29Z"
"errors-in-array-constant-or-reference","=OR({TRUE,#DIV/0!})","#DIV/0!","-2146826281","16.0","20430","2026-09-29T12:11:29Z"
"errors-in-array-constant-or-reference","=OR({TRUE,#DIV/0!,#N/A})","#DIV/0!","-2146826281","16.0","20430","2026-09-29T12:11:29Z"
"errors-in-array-constant-or-reference","=OR({TRUE,#N/A,#DIV/0!})","#N/A","-2146826246","16.0","20430","2026-09-29T12:11:29Z"
"errors-in-array-constant-or-reference","=AND({FALSE,#DIV/0!})","#DIV/0!","-2146826281","16.0","20430","2026-09-29T12:11:29Z"
"errors-in-array-constant-or-reference","=AND({FALSE,#N/A,#DIV/0!})","#N/A","-2146826246","16.0","20430","2026-09-29T12:11:29Z"
"errors-in-array-constant-or-reference","=OR(C1:C2)","#DIV/0!","-2146826281","16.0","20430","2026-09-29T12:11:29Z"
"errors-in-array-constant-or-reference","=OR(C1:C3)","#DIV/0!","-2146826281","16.0","20430","2026-09-29T12:11:29Z"
"errors-in-array-constant-or-reference","=OR(C1,C3,C2)","#N/A","-2146826246","16.0","20430","2026-09-29T12:11:29Z"
"errors-in-array-constant-or-reference","=AND(D1:D2)","#DIV/0!","-2146826281","16.0","20430","2026-09-29T12:11:29Z"
"errors-in-array-constant-or-reference","=AND(D1:D3)","#DIV/0!","-2146826281","16.0","20430","2026-09-29T12:11:29Z"
"errors-in-array-constant-or-reference","=AND(D1,D3,D2)","#N/A","-2146826246","16.0","20430","2026-09-29T12:11:29Z"
"errors-in-array-constant-or-reference","=OR(TRUE,C2)","#DIV/0!","-2146826281","16.0","20430","2026-09-29T12:11:29Z"
"errors-in-array-constant-or-reference","=AND(FALSE,D2)","#DIV/0!","-2146826281","16.0","20430","2026-09-29T12:11:29Z"
"direct-text-with-error","=OR(""x"",1/0)","#DIV/0!","-2146826281","16.0","20430","2026-09-29T12:11:29Z"
"direct-text-with-error","=OR(1/0,""x"")","#DIV/0!","-2146826281","16.0","20430","2026-09-29T12:11:29Z"
"direct-text-with-error","=AND(""x"",NA())","#N/A","-2146826246","16.0","20430","2026-09-29T12:11:29Z"
"direct-text-with-error","=AND(NA(),""x"")","#N/A","-2146826246","16.0","20430","2026-09-29T12:11:29Z"
"direct-text-with-error","=OR(""x"",TRUE,1/0)","#DIV/0!","-2146826281","16.0","20430","2026-09-29T12:11:29Z"
"direct-text-with-error","=OR(TRUE,""x"",NA())","#N/A","-2146826246","16.0","20430","2026-09-29T12:11:29Z"
"direct-text-alone-or-with-a-logical","=OR(""x"")","#VALUE!","-2146826273","16.0","20430","2026-09-29T12:11:29Z"
"direct-text-alone-or-with-a-logical","=AND(""x"")","#VALUE!","-2146826273","16.0","20430","2026-09-29T12:11:29Z"
"direct-text-alone-or-with-a-logical","=XOR(""x"")","#VALUE!","-2146826273","16.0","20430","2026-09-29T12:11:29Z"
"direct-text-alone-or-with-a-logical","=OR(""x"",""y"")","#VALUE!","-2146826273","16.0","20430","2026-09-29T12:11:29Z"
"direct-text-alone-or-with-a-logical","=AND(""x"",""y"")","#VALUE!","-2146826273","16.0","20430","2026-09-29T12:11:29Z"
"direct-text-alone-or-with-a-logical","=OR(""x"",TRUE)","TRUE","True","16.0","20430","2026-09-29T12:11:29Z"
"direct-text-alone-or-with-a-logical","=OR(""x"",FALSE)","FALSE","False","16.0","20430","2026-09-29T12:11:29Z"
"direct-text-alone-or-with-a-logical","=AND(""x"",TRUE)","TRUE","True","16.0","20430","2026-09-29T12:11:29Z"
"direct-text-alone-or-with-a-logical","=AND(""x"",FALSE)","FALSE","False","16.0","20430","2026-09-29T12:11:29Z"
"direct-text-alone-or-with-a-logical","=OR(TRUE,""x"")","TRUE","True","16.0","20430","2026-09-29T12:11:29Z"
"direct-text-alone-or-with-a-logical","=AND(FALSE,""x"")","FALSE","False","16.0","20430","2026-09-29T12:11:29Z"
"direct-text-alone-or-with-a-logical","=OR(FALSE,""x"")","FALSE","False","16.0","20430","2026-09-29T12:11:29Z"
"direct-text-alone-or-with-a-logical","=AND(TRUE,""x"")","TRUE","True","16.0","20430","2026-09-29T12:11:29Z"
"direct-text-alone-or-with-a-logical","=XOR(TRUE,""x"")","TRUE","True","16.0","20430","2026-09-29T12:11:29Z"
"direct-text-alone-or-with-a-logical","=XOR(""x"",TRUE)","TRUE","True","16.0","20430","2026-09-29T12:11:29Z"
"direct-text-alone-or-with-a-logical","=XOR(FALSE,""x"")","FALSE","False","16.0","20430","2026-09-29T12:11:29Z"
"direct-text-alone-or-with-a-logical","=OR(0,""x"")","FALSE","False","16.0","20430","2026-09-29T12:11:29Z"
"direct-text-alone-or-with-a-logical","=AND(1,""x"")","TRUE","True","16.0","20430","2026-09-29T12:11:29Z"
"direct-text-alone-or-with-a-logical","=OR(""x"",0)","FALSE","False","16.0","20430","2026-09-29T12:11:29Z"
"direct-text-alone-or-with-a-logical","=AND(""x"",1)","TRUE","True","16.0","20430","2026-09-29T12:11:29Z"
"direct-text-logical-and-numeric-spellings","=OR(""TRUE"")","TRUE","True","16.0","20430","2026-09-29T12:11:29Z"
"direct-text-logical-and-numeric-spellings","=OR(""FALSE"")","FALSE","False","16.0","20430","2026-09-29T12:11:29Z"
"direct-text-logical-and-numeric-spellings","=AND(""TRUE"")","TRUE","True","16.0","20430","2026-09-29T12:11:29Z"
"direct-text-logical-and-numeric-spellings","=AND(""FALSE"")","FALSE","False","16.0","20430","2026-09-29T12:11:29Z"
"direct-text-logical-and-numeric-spellings","=OR(FALSE,""TRUE"")","TRUE","True","16.0","20430","2026-09-29T12:11:29Z"
"direct-text-logical-and-numeric-spellings","=AND(TRUE,""FALSE"")","FALSE","False","16.0","20430","2026-09-29T12:11:29Z"
"direct-text-logical-and-numeric-spellings","=OR(FALSE,""true"")","TRUE","True","16.0","20430","2026-09-29T12:11:29Z"
"direct-text-logical-and-numeric-spellings","=OR(FALSE,""TrUe"")","TRUE","True","16.0","20430","2026-09-29T12:11:29Z"
"direct-text-logical-and-numeric-spellings","=OR(""1"")","#VALUE!","-2146826273","16.0","20430","2026-09-29T12:11:29Z"
"direct-text-logical-and-numeric-spellings","=OR(""0"")","#VALUE!","-2146826273","16.0","20430","2026-09-29T12:11:29Z"
"direct-text-logical-and-numeric-spellings","=AND(""1"")","#VALUE!","-2146826273","16.0","20430","2026-09-29T12:11:29Z"
"direct-text-logical-and-numeric-spellings","=AND(""0"")","#VALUE!","-2146826273","16.0","20430","2026-09-29T12:11:29Z"
"direct-text-logical-and-numeric-spellings","=OR(""2"")","#VALUE!","-2146826273","16.0","20430","2026-09-29T12:11:29Z"
"direct-text-logical-and-numeric-spellings","=OR(FALSE,""1"")","FALSE","False","16.0","20430","2026-09-29T12:11:29Z"
"direct-text-logical-and-numeric-spellings","=AND(TRUE,""0"")","TRUE","True","16.0","20430","2026-09-29T12:11:29Z"
"direct-text-logical-and-numeric-spellings","=OR(FALSE,""2"")","FALSE","False","16.0","20430","2026-09-29T12:11:29Z"
"direct-text-logical-and-numeric-spellings","=OR(TRUE,""1"")","TRUE","True","16.0","20430","2026-09-29T12:11:29Z"
"direct-text-logical-and-numeric-spellings","=AND(FALSE,""1"")","FALSE","False","16.0","20430","2026-09-29T12:11:29Z"
"direct-text-logical-and-numeric-spellings","=XOR(""1"")","#VALUE!","-2146826273","16.0","20430","2026-09-29T12:11:29Z"
"direct-text-logical-and-numeric-spellings","=XOR(TRUE,""1"")","TRUE","True","16.0","20430","2026-09-29T12:11:29Z"
"direct-text-logical-and-numeric-spellings","=XOR(""x"",""1"")","#VALUE!","-2146826273","16.0","20430","2026-09-29T12:11:29Z"
"direct-text-logical-and-numeric-spellings","=OR(""x"",""1"")","#VALUE!","-2146826273","16.0","20430","2026-09-29T12:11:29Z"
"direct-text-logical-and-numeric-spellings","=OR(""1"",""x"")","#VALUE!","-2146826273","16.0","20430","2026-09-29T12:11:29Z"
"direct-text-logical-and-numeric-spellings","=AND(""x"",""0"")","#VALUE!","-2146826273","16.0","20430","2026-09-29T12:11:29Z"
"direct-text-logical-and-numeric-spellings","=OR(TRUE,""1.5"")","TRUE","True","16.0","20430","2026-09-29T12:11:29Z"
"direct-text-logical-and-numeric-spellings","=OR(FALSE,""1.5"")","FALSE","False","16.0","20430","2026-09-29T12:11:29Z"
"direct-text-logical-and-numeric-spellings","=OR(FALSE,"" 1 "")","FALSE","False","16.0","20430","2026-09-29T12:11:29Z"
"direct-text-logical-and-numeric-spellings","=OR(FALSE,""1e0"")","FALSE","False","16.0","20430","2026-09-29T12:11:29Z"
"direct-text-logical-and-numeric-spellings","=OR(FALSE,""$1"")","FALSE","False","16.0","20430","2026-09-29T12:11:29Z"
"direct-text-logical-and-numeric-spellings","=OR(FALSE,""1/2"")","FALSE","False","16.0","20430","2026-09-29T12:11:29Z"
"direct-text-logical-and-numeric-spellings","=OR(FALSE,""12/31/2020"")","FALSE","False","16.0","20430","2026-09-29T12:11:29Z"
"direct-text-logical-and-numeric-spellings","=OR(FALSE,"""")","FALSE","False","16.0","20430","2026-09-29T12:11:29Z"
"direct-text-logical-and-numeric-spellings","=AND(TRUE,"""")","TRUE","True","16.0","20430","2026-09-29T12:11:29Z"
"direct-text-logical-and-numeric-spellings","=OR("""")","#VALUE!","-2146826273","16.0","20430","2026-09-29T12:11:29Z"
